{
  "loss": [
    8.582125663757324,
    8.15697956085205,
    8.041963577270508,
    7.976076602935791,
    7.9162278175354,
    7.865045070648193,
    7.823828220367432,
    7.787863254547119,
    7.758479118347168,
    7.729248046875,
    7.704547882080078,
    7.686223030090332,
    7.661778926849365,
    7.630556583404541,
    7.601822376251221,
    7.5734992027282715,
    7.5407538414001465,
    7.509977340698242,
    7.478714466094971,
    7.451383590698242,
    7.426236152648926,
    7.394887447357178,
    7.36034631729126,
    7.338050842285156,
    7.312866687774658,
    7.293510437011719,
    7.293816089630127,
    7.266246795654297,
    7.25273323059082,
    7.241599082946777,
    7.208752632141113,
    7.208584308624268,
    7.2484941482543945,
    7.202408790588379,
    7.1812615394592285,
    7.180743217468262,
    7.184629440307617,
    7.17371129989624,
    7.263580322265625,
    7.191506385803223,
    7.150698184967041,
    7.133164405822754,
    7.157973289489746,
    7.162198066711426,
    7.141249656677246,
    7.128712177276611,
    7.129897594451904,
    7.136073589324951,
    7.150877475738525,
    7.145498752593994
  ],
  "accuracy": [
    0.03612181544303894,
    0.03997581824660301,
    0.04005138576030731,
    0.04035365954041481,
    0.041033778339624405,
    0.041713897138834,
    0.0420161709189415,
    0.04322526976466179,
    0.04330083727836609,
    0.044056523591279984,
    0.04435880109667778,
    0.046399153769016266,
    0.04707927256822586,
    0.049270763993263245,
    0.05191566422581673,
    0.05282248929142952,
    0.05886797979474068,
    0.06226857006549835,
    0.06589586287736893,
    0.0701277107000351,
    0.07247033715248108,
    0.07662661373615265,
    0.08078289031982422,
    0.083956778049469,
    0.08728179335594177,
    0.08833975344896317,
    0.09121136367321014,
    0.09415854513645172,
    0.09559434652328491,
    0.0975591316819191,
    0.10065744817256927,
    0.10118642449378967,
    0.09514093399047852,
    0.10103528946638107,
    0.10209324955940247,
    0.10239552706480026,
    0.10012846440076828,
    0.10163983702659607,
    0.09340285509824753,
    0.09854152798652649,
    0.10262223333120346,
    0.10458701848983765,
    0.10171540826559067,
    0.09997732937335968,
    0.10194211453199387,
    0.10345348715782166,
    0.10179097950458527,
    0.10179097950458527,
    0.10035517066717148,
    0.10126199573278427
  ],
  "val_loss": [
    8.220739364624023,
    8.027907371520996,
    7.959802627563477,
    7.902859210968018,
    7.852759838104248,
    7.797820568084717,
    7.760173320770264,
    7.729060173034668,
    7.707932949066162,
    7.693976879119873,
    7.689914226531982,
    7.647580623626709,
    7.628792762756348,
    7.63410758972168,
    7.603804588317871,
    7.565155982971191,
    7.5682053565979,
    7.521266460418701,
    7.515052318572998,
    7.506235122680664,
    7.46165132522583,
    7.478043556213379,
    7.426462173461914,
    7.436222553253174,
    7.423003196716309,
    7.411143779754639,
    7.447580814361572,
    7.404128074645996,
    7.4095330238342285,
    7.395751476287842,
    7.390100955963135,
    7.377385139465332,
    7.413276672363281,
    7.387399196624756,
    7.435156345367432,
    7.40442419052124,
    7.374725341796875,
    7.394404411315918,
    7.412637233734131,
    7.377027988433838,
    7.379714012145996,
    7.370150089263916,
    7.424365997314453,
    7.3663129806518555,
    7.360943794250488,
    7.385133266448975,
    7.39336633682251,
    7.421398639678955,
    7.408588409423828,
    7.478118896484375
  ],
  "val_accuracy": [
    0.04005138576030731,
    0.04005138576030731,
    0.04005138576030731,
    0.04042923077940941,
    0.04080707207322121,
    0.041033778339624405,
    0.042469583451747894,
    0.04322526976466179,
    0.04277185723185539,
    0.042318444699048996,
    0.042469583451747894,
    0.04435880109667778,
    0.04624801501631737,
    0.04534119367599487,
    0.050857704132795334,
    0.053653743118047714,
    0.05712990090250969,
    0.061664022505283356,
    0.060379356145858765,
    0.06158845126628876,
    0.06589586287736893,
    0.0689941793680191,
    0.07141237705945969,
    0.06786064803600311,
    0.07451069355010986,
    0.07345273345708847,
    0.06461119651794434,
    0.07745786756277084,
    0.07624877244234085,
    0.07541751861572266,
    0.07496410608291626,
    0.07473739981651306,
    0.07670218497514725,
    0.07602206617593765,
    0.07073225826025009,
    0.07186578959226608,
    0.07534194737672806,
    0.07549308240413666,
    0.0689941793680191,
    0.07791128009557724,
    0.07549308240413666,
    0.07791128009557724,
    0.07299932092428207,
    0.07881810516119003,
    0.07851583510637283,
    0.07602206617593765,
    0.07224363088607788,
    0.07428398728370667,
    0.07496410608291626,
    0.06090833619236946
  ]
}