{
  "loss": [
    19.054737091064453,
    14.600729942321777,
    10.239441871643066,
    8.687292098999023,
    7.593454837799072,
    6.761798858642578,
    6.097055435180664,
    5.4145307540893555,
    4.792234420776367,
    4.222085475921631,
    3.697713613510132,
    3.2571310997009277,
    2.828432083129883,
    2.409810781478882,
    2.0420920848846436,
    1.738149642944336,
    1.4998687505722046,
    1.2951503992080688,
    1.1032239198684692,
    0.9727094769477844,
    0.8456681966781616,
    0.775102436542511,
    0.7065541744232178,
    0.680437445640564,
    0.5916852355003357,
    0.5328809022903442,
    0.5366760492324829,
    0.530452311038971,
    0.5381504893302917,
    0.5146427750587463
  ],
  "accuracy": [
    0.0024937656708061695,
    0.009446081705391407,
    0.01450918149203062,
    0.02078137919306755,
    0.03075644187629223,
    0.04730597883462906,
    0.07828912883996964,
    0.12839114665985107,
    0.20184387266635895,
    0.2783193588256836,
    0.35471925139427185,
    0.42061513662338257,
    0.48243027925491333,
    0.5434141755104065,
    0.6041713953018188,
    0.6612257361412048,
    0.700445830821991,
    0.7423864603042603,
    0.779263973236084,
    0.8050328493118286,
    0.8366961479187012,
    0.8513564467430115,
    0.866092324256897,
    0.8720622658729553,
    0.8964709639549255,
    0.914078414440155,
    0.9103755950927734,
    0.911811351776123,
    0.9133983254432678,
    0.9184614419937134
  ],
  "val_loss": [
    19.68671989440918,
    11.417268753051758,
    10.099394798278809,
    8.706536293029785,
    8.139976501464844,
    7.658409595489502,
    7.296294212341309,
    6.658600330352783,
    6.386831760406494,
    6.202049255371094,
    6.23510217666626,
    6.124091625213623,
    6.135425567626953,
    5.873011589050293,
    5.854349136352539,
    5.597848415374756,
    5.689701557159424,
    5.127850532531738,
    5.035682201385498,
    4.705557823181152,
    4.687880039215088,
    4.472357749938965,
    4.444416522979736,
    4.19902229309082,
    4.130102634429932,
    4.251144886016846,
    4.263318061828613,
    4.338897228240967,
    4.242771148681641,
    4.213499546051025
  ],
  "val_accuracy": [
    0.005969923455268145,
    0.014811456203460693,
    0.021612634882330894,
    0.023124007508158684,
    0.03702864050865173,
    0.056298647075891495,
    0.0702788457274437,
    0.09959948807954788,
    0.11244615912437439,
    0.1378372311592102,
    0.15567143261432648,
    0.16980277001857758,
    0.17803974449634552,
    0.19836771488189697,
    0.21756215393543243,
    0.251870334148407,
    0.25904935598373413,
    0.29932743310928345,
    0.3167837858200073,
    0.35441699624061584,
    0.3598579168319702,
    0.3893297016620636,
    0.39779338240623474,
    0.4301367700099945,
    0.4439658522605896,
    0.4431345760822296,
    0.44986018538475037,
    0.4460817575454712,
    0.4618000388145447,
    0.4720773696899414
  ]
}